caffeine_mg,age,focus_level,sleep_quality,sleep_impacted,beverage_coffee,beverage_energy_drink,beverage_tea,time_of_day_afternoon,time_of_day_evening,time_of_day_morning,gender_female,gender_male
0.454545455,1,0.715383875,0.749790226,1,TRUE,FALSE,FALSE,FALSE,TRUE,FALSE,TRUE,FALSE
0.286363636,0.833333333,0.846470567,0.730060437,0,TRUE,FALSE,FALSE,FALSE,FALSE,TRUE,TRUE,FALSE
0.531818182,0.476190476,0.665639379,0.276599682,1,FALSE,TRUE,FALSE,FALSE,FALSE,TRUE,FALSE,TRUE
0.068181818,0.642857143,0.751363808,0.654002937,0,FALSE,FALSE,TRUE,FALSE,FALSE,TRUE,TRUE,FALSE
0.409090909,0.047619048,0.808103501,0.709734972,1,TRUE,FALSE,FALSE,FALSE,TRUE,FALSE,FALSE,TRUE
0.218181818,0.30952381,0.663911608,0.238783149,1,TRUE,FALSE,FALSE,FALSE,TRUE,FALSE,TRUE,FALSE
0.154545455,0.166666667,0.90394536,0.597394544,0,FALSE,FALSE,TRUE,TRUE,FALSE,FALSE,FALSE,TRUE
0.422727273,0.976190476,0.876650009,0.585156235,1,TRUE,FALSE,FALSE,TRUE,FALSE,FALSE,TRUE,FALSE
0.245454545,0.714285714,0.633410065,0.097923513,1,TRUE,FALSE,FALSE,FALSE,TRUE,FALSE,TRUE,FALSE
0.45,0.595238095,0.724653347,0.398525054,1,TRUE,FALSE,FALSE,FALSE,TRUE,FALSE,FALSE,TRUE
0.104545455,0.142857143,0.843853394,0.636659916,0,FALSE,FALSE,TRUE,FALSE,FALSE,TRUE,FALSE,TRUE
0.259090909,0.976190476,0.8754711,0.545720397,1,FALSE,FALSE,TRUE,TRUE,FALSE,FALSE,FALSE,TRUE
0.577272727,0.523809524,0.717022825,0.486641765,1,TRUE,FALSE,FALSE,FALSE,FALSE,TRUE,TRUE,FALSE
0,0.30952381,0.538552171,0.644512955,0,FALSE,FALSE,TRUE,FALSE,FALSE,TRUE,FALSE,TRUE
0.527272727,0.595238095,0.954531979,0.543205409,1,TRUE,FALSE,FALSE,TRUE,FALSE,FALSE,TRUE,FALSE
0.172727273,0.857142857,0.631879792,0.84296391,0,FALSE,FALSE,TRUE,TRUE,FALSE,FALSE,FALSE,TRUE
0.477272727,0.5,0.830693647,0.319670968,1,TRUE,FALSE,FALSE,FALSE,FALSE,TRUE,TRUE,FALSE
0.459090909,0.452380952,0.804640709,0.317659124,1,TRUE,FALSE,FALSE,FALSE,FALSE,TRUE,TRUE,FALSE
0.190909091,0.285714286,0.315344192,0.43546564,1,TRUE,FALSE,FALSE,FALSE,FALSE,TRUE,FALSE,TRUE
0.445454545,0.547619048,1,0.771822227,0,TRUE,FALSE,FALSE,FALSE,FALSE,TRUE,FALSE,TRUE
0.354545455,0.261904762,0.682306929,0.625926728,0,TRUE,FALSE,FALSE,FALSE,TRUE,FALSE,TRUE,FALSE
0.422727273,0.023809524,1,0.125366195,1,TRUE,FALSE,FALSE,TRUE,FALSE,FALSE,TRUE,FALSE
0.022727273,0.595238095,0.887493993,0.843991629,0,FALSE,FALSE,TRUE,TRUE,FALSE,FALSE,TRUE,FALSE
0.704545455,0.547619048,1,0.701317747,0,TRUE,FALSE,FALSE,TRUE,FALSE,FALSE,FALSE,TRUE
0.127272727,0.119047619,0.553068348,0.664712305,0,FALSE,FALSE,TRUE,FALSE,FALSE,TRUE,TRUE,FALSE
0.027272727,0.452380952,0.529100759,0.646238521,1,FALSE,FALSE,TRUE,FALSE,TRUE,FALSE,TRUE,FALSE
0.954545455,0.642857143,1,0.504717111,1,FALSE,TRUE,FALSE,FALSE,FALSE,TRUE,FALSE,TRUE
0.395454545,0.023809524,0.903494305,0.462779364,1,TRUE,FALSE,FALSE,FALSE,TRUE,FALSE,FALSE,TRUE
0.081818182,0.952380952,0.828087148,0.90213385,0,FALSE,FALSE,TRUE,FALSE,FALSE,TRUE,FALSE,TRUE
0.559090909,0.880952381,1,0.346212424,1,TRUE,FALSE,FALSE,FALSE,FALSE,TRUE,TRUE,FALSE
0.513636364,0.404761905,0.956650035,0.307918421,1,FALSE,TRUE,FALSE,FALSE,FALSE,TRUE,TRUE,FALSE
0.481818182,0.166666667,0.788162809,0.400525824,1,TRUE,FALSE,FALSE,FALSE,FALSE,TRUE,FALSE,TRUE
0.640909091,0.69047619,1,0.519757069,1,TRUE,FALSE,FALSE,FALSE,FALSE,TRUE,TRUE,FALSE
0.145454545,0.642857143,0.586472265,0.5460065,1,FALSE,FALSE,TRUE,TRUE,FALSE,FALSE,FALSE,TRUE
0.595454545,0.380952381,1,0.313942293,1,TRUE,FALSE,FALSE,TRUE,FALSE,FALSE,TRUE,FALSE
0.204545455,0.666666667,0.639311099,0.560644097,0,FALSE,FALSE,TRUE,FALSE,TRUE,FALSE,FALSE,TRUE
0.186363636,0.404761905,0.887763114,0.970367184,0,FALSE,FALSE,TRUE,FALSE,FALSE,TRUE,FALSE,TRUE
0.477272727,0.5,0.758037523,0.167968068,1,TRUE,FALSE,FALSE,TRUE,FALSE,FALSE,FALSE,TRUE
0.186363636,0.904761905,0.830778596,0.782150936,0,FALSE,FALSE,TRUE,FALSE,FALSE,TRUE,FALSE,TRUE
0.359090909,0.833333333,1,0.831423906,0,FALSE,TRUE,FALSE,TRUE,FALSE,FALSE,FALSE,TRUE
0.004545455,0.642857143,0.467476946,0.900172556,0,FALSE,FALSE,TRUE,FALSE,FALSE,TRUE,TRUE,FALSE
0.440909091,0.5,0.834911923,0.565566354,1,TRUE,FALSE,FALSE,FALSE,TRUE,FALSE,TRUE,FALSE
0.486363636,0.095238095,0.876958727,0.588597986,0,TRUE,FALSE,FALSE,TRUE,FALSE,FALSE,FALSE,TRUE
0.222727273,0.357142857,0.980903455,0.671428782,0,FALSE,FALSE,TRUE,FALSE,FALSE,TRUE,FALSE,TRUE
0.586363636,0.595238095,1,0.858219399,0,TRUE,FALSE,FALSE,FALSE,FALSE,TRUE,FALSE,TRUE
0.331818182,0,0.889674715,0.822237142,0,TRUE,FALSE,FALSE,FALSE,FALSE,TRUE,FALSE,TRUE
0.6,0.095238095,0.877120254,0.151014047,1,TRUE,FALSE,FALSE,TRUE,FALSE,FALSE,TRUE,FALSE
0.018181818,0.30952381,0.807341167,0.479981911,1,FALSE,FALSE,TRUE,FALSE,FALSE,TRUE,TRUE,FALSE
0.222727273,0.857142857,0.740730797,0.815576125,0,TRUE,FALSE,FALSE,FALSE,FALSE,TRUE,FALSE,TRUE
0.722727273,0.738095238,0.900735986,0.455868108,1,TRUE,FALSE,FALSE,FALSE,TRUE,FALSE,FALSE,TRUE
0.322727273,0.642857143,0.520459028,0.910067595,0,TRUE,FALSE,FALSE,TRUE,FALSE,FALSE,TRUE,FALSE
0.05,1,0.751673577,0.67216256,0,FALSE,FALSE,TRUE,FALSE,FALSE,TRUE,FALSE,TRUE
0.586363636,0.595238095,0.992526245,0.074625722,1,TRUE,FALSE,FALSE,FALSE,FALSE,TRUE,TRUE,FALSE
0.25,0.238095238,0.70230235,0.859594331,0,FALSE,FALSE,TRUE,FALSE,FALSE,TRUE,FALSE,TRUE
0.627272727,0.80952381,1,0.271475007,1,TRUE,FALSE,FALSE,TRUE,FALSE,FALSE,FALSE,TRUE
0.690909091,0.857142857,1,0.525126315,1,TRUE,FALSE,FALSE,FALSE,TRUE,FALSE,TRUE,FALSE
0.581818182,0.452380952,0.95313566,0.524445574,1,TRUE,FALSE,FALSE,FALSE,FALSE,TRUE,TRUE,FALSE
0.5,0.261904762,0.968124415,0.421836302,1,TRUE,FALSE,FALSE,FALSE,TRUE,FALSE,FALSE,TRUE
0.490909091,0.357142857,1,0.165584418,1,TRUE,FALSE,FALSE,FALSE,FALSE,TRUE,FALSE,TRUE
0.236363636,0.904761905,0.818265798,0.665354786,0,FALSE,FALSE,TRUE,TRUE,FALSE,FALSE,FALSE,TRUE
0.259090909,1,0.973072251,0.812008029,0,TRUE,FALSE,FALSE,FALSE,TRUE,FALSE,FALSE,TRUE
0.186363636,0.285714286,0.500710563,0.759876127,0,FALSE,FALSE,TRUE,FALSE,TRUE,FALSE,TRUE,FALSE
0.072727273,0.5,0.589272261,0.723319106,0,FALSE,FALSE,TRUE,FALSE,TRUE,FALSE,TRUE,FALSE
0.113636364,0.619047619,0.459868867,0.697227853,0,FALSE,FALSE,TRUE,TRUE,FALSE,FALSE,TRUE,FALSE
0.504545455,0.452380952,1,0.509901043,1,TRUE,FALSE,FALSE,TRUE,FALSE,FALSE,TRUE,FALSE
0.145454545,0.571428571,0.767189216,0.872938038,0,FALSE,FALSE,TRUE,FALSE,TRUE,FALSE,TRUE,FALSE
0.359090909,0.80952381,0.789921433,0.277668299,1,FALSE,TRUE,FALSE,FALSE,FALSE,TRUE,FALSE,TRUE
0.572727273,0.047619048,1,0.2335478,1,TRUE,FALSE,FALSE,FALSE,TRUE,FALSE,TRUE,FALSE
0.440909091,0.595238095,0.777808837,0.582769397,0,TRUE,FALSE,FALSE,FALSE,FALSE,TRUE,TRUE,FALSE
0.327272727,0.380952381,0.589949402,0.834957459,0,TRUE,FALSE,FALSE,FALSE,FALSE,TRUE,FALSE,TRUE
0.7,0.119047619,0.828959189,0.978932346,0,TRUE,FALSE,FALSE,FALSE,FALSE,TRUE,TRUE,FALSE
0.418181818,0.095238095,0.886102631,0.64224272,1,FALSE,TRUE,FALSE,FALSE,TRUE,FALSE,FALSE,TRUE
0.659090909,0.595238095,0.916024458,0.763732509,0,FALSE,TRUE,FALSE,FALSE,FALSE,TRUE,FALSE,TRUE
0.427272727,0.476190476,0.910917647,0.755872574,0,TRUE,FALSE,FALSE,FALSE,FALSE,TRUE,TRUE,FALSE
0.072727273,0.214285714,0.600107433,0.652614971,0,FALSE,FALSE,TRUE,FALSE,TRUE,FALSE,FALSE,TRUE
0.65,0,0.887618711,0.321823724,1,TRUE,FALSE,FALSE,FALSE,FALSE,TRUE,FALSE,TRUE
0.222727273,0.047619048,1,0.969417605,0,FALSE,FALSE,TRUE,TRUE,FALSE,FALSE,FALSE,TRUE
0.163636364,0.523809524,0.596138394,0.835756432,0,FALSE,FALSE,TRUE,FALSE,FALSE,TRUE,FALSE,TRUE
0.622727273,0.880952381,0.865498161,0.395371922,1,TRUE,FALSE,FALSE,FALSE,FALSE,TRUE,TRUE,FALSE
0.063636364,0.761904762,0.881770791,0.79133757,0,FALSE,FALSE,TRUE,TRUE,FALSE,FALSE,TRUE,FALSE
0.345454545,0.380952381,0.932211454,0.745913156,0,FALSE,TRUE,FALSE,FALSE,FALSE,TRUE,TRUE,FALSE
0.686363636,1,0.671895562,0.730624942,1,TRUE,FALSE,FALSE,FALSE,FALSE,TRUE,FALSE,TRUE
0.013636364,0.357142857,0.813289406,0.324128846,1,FALSE,FALSE,TRUE,FALSE,FALSE,TRUE,TRUE,FALSE
0.2,0.428571429,0.743724534,0.740404511,0,TRUE,FALSE,FALSE,TRUE,FALSE,FALSE,FALSE,TRUE
0.386363636,0.261904762,1,0.754407944,0,TRUE,FALSE,FALSE,TRUE,FALSE,FALSE,TRUE,FALSE
0.431818182,0.5,1,0.672454535,0,TRUE,FALSE,FALSE,TRUE,FALSE,FALSE,FALSE,TRUE
0.25,0.333333333,0.547341564,0.920859283,0,FALSE,FALSE,TRUE,FALSE,FALSE,TRUE,FALSE,TRUE
0.431818182,0.30952381,1,0.457431445,1,TRUE,FALSE,FALSE,TRUE,FALSE,FALSE,FALSE,TRUE
0.168181818,0.404761905,0.625661477,0.636932265,0,FALSE,FALSE,TRUE,FALSE,FALSE,TRUE,TRUE,FALSE
0.568181818,0.380952381,1,0.529286957,1,TRUE,FALSE,FALSE,FALSE,FALSE,TRUE,FALSE,TRUE
0.095454545,0.833333333,0.650411702,0.947754773,0,FALSE,FALSE,TRUE,FALSE,FALSE,TRUE,FALSE,TRUE
0.295454545,0.119047619,0.835535197,0.545250746,0,TRUE,FALSE,FALSE,FALSE,FALSE,TRUE,TRUE,FALSE
0.495454545,0.5,0.911408182,0,1,TRUE,FALSE,FALSE,FALSE,TRUE,FALSE,FALSE,TRUE
0.104545455,0.69047619,0.740991285,0.646131235,0,FALSE,FALSE,TRUE,FALSE,FALSE,TRUE,FALSE,TRUE
0.477272727,0.714285714,1,0.400410711,1,TRUE,FALSE,FALSE,FALSE,TRUE,FALSE,TRUE,FALSE
0.640909091,0.69047619,1,0.41131311,1,TRUE,FALSE,FALSE,FALSE,TRUE,FALSE,TRUE,FALSE
0.113636364,0.095238095,0.786457536,0.407380644,0,FALSE,FALSE,TRUE,TRUE,FALSE,FALSE,TRUE,FALSE
0.468181818,0.595238095,1,0.376889679,1,TRUE,FALSE,FALSE,FALSE,FALSE,TRUE,TRUE,FALSE
0.722727273,0.119047619,1,0.274043923,1,TRUE,FALSE,FALSE,TRUE,FALSE,FALSE,TRUE,FALSE
0.518181818,0.380952381,1,0.456290406,1,TRUE,FALSE,FALSE,TRUE,FALSE,FALSE,FALSE,TRUE
0.722727273,0.30952381,1,0.34188866,1,TRUE,FALSE,FALSE,FALSE,TRUE,FALSE,FALSE,TRUE
0.045454545,0.666666667,0.614668911,0.695930227,0,FALSE,FALSE,TRUE,FALSE,FALSE,TRUE,TRUE,FALSE
0.459090909,0.30952381,1,0.317945882,1,TRUE,FALSE,FALSE,FALSE,TRUE,FALSE,TRUE,FALSE
0.240909091,0.904761905,0.931386764,1,0,TRUE,FALSE,FALSE,FALSE,TRUE,FALSE,TRUE,FALSE
0.681818182,0.380952381,1,0.391733578,1,TRUE,FALSE,FALSE,TRUE,FALSE,FALSE,FALSE,TRUE
0.027272727,0.119047619,0.535671193,0.814075622,0,FALSE,FALSE,TRUE,FALSE,FALSE,TRUE,FALSE,TRUE
0.118181818,0.69047619,0.659611843,0.643769454,0,FALSE,FALSE,TRUE,FALSE,FALSE,TRUE,FALSE,TRUE
0.477272727,0.071428571,0.876682822,0.853642336,0,TRUE,FALSE,FALSE,TRUE,FALSE,FALSE,TRUE,FALSE
0.104545455,0.833333333,1,0.772780076,0,FALSE,FALSE,TRUE,FALSE,FALSE,TRUE,FALSE,TRUE
0.609090909,0.023809524,1,0.465477753,1,TRUE,FALSE,FALSE,FALSE,FALSE,TRUE,FALSE,TRUE
0.168181818,0.214285714,0.473594626,0.674367116,0,FALSE,FALSE,TRUE,FALSE,TRUE,FALSE,TRUE,FALSE
0.077272727,0.928571429,0.736644089,0.840720828,0,FALSE,FALSE,TRUE,FALSE,TRUE,FALSE,TRUE,FALSE
0.186363636,0.166666667,0.667272462,0.727066356,0,FALSE,FALSE,TRUE,FALSE,TRUE,FALSE,FALSE,TRUE
0.227272727,0.952380952,1,0.815494083,0,TRUE,FALSE,FALSE,FALSE,FALSE,TRUE,TRUE,FALSE
0.413636364,0.19047619,0.742332759,0.78076296,0,TRUE,FALSE,FALSE,FALSE,FALSE,TRUE,TRUE,FALSE
0.209090909,0.880952381,0.731237678,0.958627691,0,TRUE,FALSE,FALSE,FALSE,TRUE,FALSE,TRUE,FALSE
0.5,0.547619048,0.824296902,0.533530332,1,TRUE,FALSE,FALSE,FALSE,FALSE,TRUE,FALSE,TRUE
0.559090909,0.142857143,1,0.405792415,1,TRUE,FALSE,FALSE,FALSE,FALSE,TRUE,FALSE,TRUE
0.613636364,0.142857143,0.875554852,0.492999082,1,TRUE,FALSE,FALSE,FALSE,FALSE,TRUE,FALSE,TRUE
0.2,0.666666667,0.838043492,0.895812604,0,FALSE,FALSE,TRUE,FALSE,FALSE,TRUE,FALSE,TRUE
0.595454545,0.023809524,1,0.371863375,1,TRUE,FALSE,FALSE,TRUE,FALSE,FALSE,TRUE,FALSE
0.322727273,0.904761905,0.863635817,0.868939258,0,TRUE,FALSE,FALSE,FALSE,FALSE,TRUE,FALSE,TRUE
0.027272727,0.738095238,0.816292611,0.608868529,0,FALSE,FALSE,TRUE,FALSE,TRUE,FALSE,TRUE,FALSE
0.409090909,0.857142857,0.838630733,0.721347994,0,TRUE,FALSE,FALSE,FALSE,FALSE,TRUE,FALSE,TRUE
0.486363636,1,0.894233326,0.617808594,0,TRUE,FALSE,FALSE,TRUE,FALSE,FALSE,TRUE,FALSE
0.327272727,0.214285714,0.562788645,0.970585867,0,TRUE,FALSE,FALSE,FALSE,FALSE,TRUE,FALSE,TRUE
0.186363636,0.452380952,0.719867075,0.737896745,0,FALSE,FALSE,TRUE,FALSE,TRUE,FALSE,FALSE,TRUE
0.15,0.69047619,0.695369343,0.782184154,0,FALSE,FALSE,TRUE,FALSE,FALSE,TRUE,FALSE,TRUE
0.140909091,0.523809524,1,0.834032161,0,FALSE,FALSE,TRUE,FALSE,TRUE,FALSE,TRUE,FALSE
0.195454545,1,0.834528721,0.483989971,1,TRUE,FALSE,FALSE,FALSE,FALSE,TRUE,TRUE,FALSE
0.159090909,0.476190476,0.736478126,0.66509476,0,FALSE,FALSE,TRUE,FALSE,TRUE,FALSE,TRUE,FALSE
0.563636364,0.976190476,1,0.214604481,1,TRUE,FALSE,FALSE,TRUE,FALSE,FALSE,TRUE,FALSE
0.381818182,0.142857143,1,0.688061583,0,TRUE,FALSE,FALSE,TRUE,FALSE,FALSE,TRUE,FALSE
0.409090909,1,0.860623967,0.58632863,1,TRUE,FALSE,FALSE,FALSE,FALSE,TRUE,FALSE,TRUE
0.513636364,0.928571429,1,0.407346322,1,FALSE,TRUE,FALSE,TRUE,FALSE,FALSE,FALSE,TRUE
0.086363636,0.833333333,0.763799957,0.415718363,1,FALSE,FALSE,TRUE,FALSE,FALSE,TRUE,FALSE,TRUE
0.6,0.19047619,0.998877014,0.684890111,1,FALSE,TRUE,FALSE,FALSE,FALSE,TRUE,TRUE,FALSE
0.009090909,0.904761905,0.852501475,0.270968704,1,FALSE,FALSE,TRUE,FALSE,FALSE,TRUE,FALSE,TRUE
0.631818182,0.261904762,1,0.827332745,0,FALSE,TRUE,FALSE,TRUE,FALSE,FALSE,TRUE,FALSE
0.109090909,0.119047619,0.972097905,0.878580329,0,FALSE,FALSE,TRUE,TRUE,FALSE,FALSE,TRUE,FALSE
0.25,0.738095238,0.860026297,0.590406428,0,TRUE,FALSE,FALSE,TRUE,FALSE,FALSE,TRUE,FALSE
0.790909091,0.142857143,1,0.739948028,0,FALSE,TRUE,FALSE,FALSE,FALSE,TRUE,FALSE,TRUE
0.072727273,0.976190476,0.872894568,0.49851025,0,FALSE,FALSE,TRUE,FALSE,FALSE,TRUE,FALSE,TRUE
0.586363636,1,0.951820231,0.398622326,1,TRUE,FALSE,FALSE,FALSE,TRUE,FALSE,TRUE,FALSE
0.290909091,0.666666667,0.371730746,0.841192846,0,TRUE,FALSE,FALSE,TRUE,FALSE,FALSE,TRUE,FALSE
0.15,0.80952381,0.771899698,0.561459066,1,FALSE,FALSE,TRUE,FALSE,FALSE,TRUE,TRUE,FALSE
0.4,0.904761905,0.805774924,0.439423553,0,FALSE,TRUE,FALSE,TRUE,FALSE,FALSE,TRUE,FALSE
0.109090909,0.214285714,1,0.77105952,0,FALSE,FALSE,TRUE,FALSE,TRUE,FALSE,TRUE,FALSE
0.486363636,0.69047619,0.664019963,0.829578936,0,TRUE,FALSE,FALSE,FALSE,FALSE,TRUE,TRUE,FALSE
0.818181818,0.333333333,1,0.337551952,1,FALSE,TRUE,FALSE,FALSE,FALSE,TRUE,FALSE,TRUE
0.963636364,0.285714286,1,0.667573324,0,FALSE,TRUE,FALSE,FALSE,FALSE,TRUE,TRUE,FALSE
0.15,0.214285714,0.839498611,0.813523722,0,FALSE,FALSE,TRUE,FALSE,FALSE,TRUE,FALSE,TRUE
0.086363636,0.19047619,0.657155128,0.603303724,0,FALSE,FALSE,TRUE,FALSE,FALSE,TRUE,FALSE,TRUE
0.140909091,0.547619048,0.993698088,0.835448218,0,FALSE,FALSE,TRUE,TRUE,FALSE,FALSE,FALSE,TRUE
0.227272727,0.857142857,0.692761979,0.701537305,0,TRUE,FALSE,FALSE,FALSE,TRUE,FALSE,TRUE,FALSE
0.036363636,0.261904762,0.716902072,0.778705647,0,FALSE,FALSE,TRUE,FALSE,TRUE,FALSE,TRUE,FALSE
0.2,0.880952381,0.881436855,0.381803581,1,TRUE,FALSE,FALSE,FALSE,FALSE,TRUE,TRUE,FALSE
0.695454545,0.285714286,0.448358455,0.222710933,1,TRUE,FALSE,FALSE,FALSE,TRUE,FALSE,FALSE,TRUE
0.177272727,0.928571429,0.874687432,0.705088489,0,FALSE,FALSE,TRUE,FALSE,TRUE,FALSE,TRUE,FALSE
0.263636364,0.761904762,0.615443153,0.245059989,1,FALSE,FALSE,TRUE,TRUE,FALSE,FALSE,FALSE,TRUE
0.3,0.619047619,0.832716239,0.819507081,0,FALSE,TRUE,FALSE,FALSE,FALSE,TRUE,TRUE,FALSE
0.236363636,0.738095238,0.869517829,0.700832648,0,FALSE,FALSE,TRUE,FALSE,FALSE,TRUE,FALSE,TRUE
0.140909091,0.904761905,0.866693571,0.043804453,1,FALSE,FALSE,TRUE,TRUE,FALSE,FALSE,TRUE,FALSE
0.336363636,0.547619048,1,0.333638254,1,TRUE,FALSE,FALSE,FALSE,FALSE,TRUE,FALSE,TRUE
0.277272727,0.857142857,0.749374117,0.774261249,0,TRUE,FALSE,FALSE,FALSE,FALSE,TRUE,FALSE,TRUE
0.222727273,0.5,0.694854085,0.988850574,0,TRUE,FALSE,FALSE,TRUE,FALSE,FALSE,FALSE,TRUE
0.127272727,0.261904762,0.722068279,0.018832958,1,FALSE,FALSE,TRUE,TRUE,FALSE,FALSE,FALSE,TRUE
0.204545455,0.595238095,0.803066648,0.895739214,0,FALSE,FALSE,TRUE,TRUE,FALSE,FALSE,TRUE,FALSE
0.209090909,0.738095238,0.56594673,0.859057166,0,FALSE,FALSE,TRUE,FALSE,FALSE,TRUE,TRUE,FALSE
0.363636364,0.642857143,0.814854539,0.943651185,0,FALSE,TRUE,FALSE,FALSE,FALSE,TRUE,FALSE,TRUE
0.331818182,0.880952381,0.870486087,0.721324675,0,TRUE,FALSE,FALSE,FALSE,FALSE,TRUE,FALSE,TRUE
0.504545455,0.357142857,0.879188979,0.290689679,1,TRUE,FALSE,FALSE,FALSE,TRUE,FALSE,FALSE,TRUE
0.404545455,0.619047619,0.732235464,0.79040572,0,TRUE,FALSE,FALSE,FALSE,FALSE,TRUE,TRUE,FALSE
0.386363636,0.047619048,1,0.637681797,1,TRUE,FALSE,FALSE,FALSE,TRUE,FALSE,TRUE,FALSE
0.709090909,0.5,0.953944119,0.549256641,1,TRUE,FALSE,FALSE,TRUE,FALSE,FALSE,TRUE,FALSE
0.468181818,0.404761905,1,0.504864803,1,TRUE,FALSE,FALSE,FALSE,FALSE,TRUE,TRUE,FALSE
0.668181818,0.238095238,0.985912663,0.383330622,1,FALSE,TRUE,FALSE,FALSE,TRUE,FALSE,TRUE,FALSE
0.359090909,0.761904762,0.908966991,0.017696398,1,TRUE,FALSE,FALSE,FALSE,FALSE,TRUE,TRUE,FALSE
0.704545455,0.761904762,1,0.203715837,1,TRUE,FALSE,FALSE,FALSE,FALSE,TRUE,FALSE,TRUE
0.272727273,0.928571429,0.835435315,0.669132903,0,FALSE,FALSE,TRUE,FALSE,FALSE,TRUE,FALSE,TRUE
0.086363636,0.642857143,0.742543339,0.868768184,0,FALSE,FALSE,TRUE,FALSE,TRUE,FALSE,TRUE,FALSE
0.181818182,0.047619048,1,0.294448297,1,FALSE,FALSE,TRUE,FALSE,FALSE,TRUE,FALSE,TRUE
0.227272727,0.571428571,0.89149621,0.6782875,0,FALSE,FALSE,TRUE,TRUE,FALSE,FALSE,FALSE,TRUE
0.077272727,0.404761905,0.806048444,0.500323582,0,FALSE,FALSE,TRUE,FALSE,FALSE,TRUE,TRUE,FALSE
0.6,0.80952381,1,0.301517553,1,TRUE,FALSE,FALSE,FALSE,FALSE,TRUE,FALSE,TRUE
0.345454545,0.547619048,0.591683799,1,0,TRUE,FALSE,FALSE,FALSE,TRUE,FALSE,TRUE,FALSE
0.15,0.023809524,0.602063118,0.579620043,0,FALSE,FALSE,TRUE,FALSE,FALSE,TRUE,FALSE,TRUE
0.618181818,0.476190476,1,0.420617909,1,TRUE,FALSE,FALSE,FALSE,FALSE,TRUE,FALSE,TRUE
0.718181818,0.30952381,1,0.246208414,1,TRUE,FALSE,FALSE,FALSE,FALSE,TRUE,TRUE,FALSE
0.645454545,0.30952381,0.827775592,0.430864085,1,TRUE,FALSE,FALSE,FALSE,FALSE,TRUE,TRUE,FALSE
0.636363636,0.023809524,1,0.358591046,1,TRUE,FALSE,FALSE,FALSE,TRUE,FALSE,FALSE,TRUE
0.136363636,0.523809524,0.383347434,0.781771737,0,FALSE,FALSE,TRUE,FALSE,FALSE,TRUE,FALSE,TRUE
0.190909091,0.452380952,0.650146545,0.586918076,0,FALSE,FALSE,TRUE,FALSE,FALSE,TRUE,TRUE,FALSE
0.345454545,0.857142857,0.783150265,0.973892973,0,TRUE,FALSE,FALSE,TRUE,FALSE,FALSE,TRUE,FALSE
0.059090909,0.452380952,0.83483517,0.38409053,1,FALSE,FALSE,TRUE,TRUE,FALSE,FALSE,TRUE,FALSE
0.709090909,0.119047619,1,0.218451434,1,TRUE,FALSE,FALSE,FALSE,FALSE,TRUE,FALSE,TRUE
0.190909091,0.547619048,0.509718714,0.463100089,1,FALSE,FALSE,TRUE,FALSE,FALSE,TRUE,FALSE,TRUE
0.281818182,0.880952381,1,0.193016463,1,TRUE,FALSE,FALSE,FALSE,FALSE,TRUE,TRUE,FALSE
0.718181818,0.476190476,1,0.346306846,1,TRUE,FALSE,FALSE,TRUE,FALSE,FALSE,FALSE,TRUE
0.513636364,0.595238095,1,0.284543049,1,TRUE,FALSE,FALSE,TRUE,FALSE,FALSE,FALSE,TRUE
0.109090909,0.619047619,0.546584411,0.833550995,0,FALSE,FALSE,TRUE,TRUE,FALSE,FALSE,TRUE,FALSE
0.113636364,0.095238095,0.797424859,0.611046834,0,FALSE,FALSE,TRUE,FALSE,FALSE,TRUE,FALSE,TRUE
0.236363636,0.571428571,1,0.806691788,0,TRUE,FALSE,FALSE,FALSE,TRUE,FALSE,TRUE,FALSE
0.081818182,0.071428571,0.846256598,0.829424617,0,FALSE,FALSE,TRUE,FALSE,FALSE,TRUE,TRUE,FALSE
0.422727273,0.547619048,0.672907494,0.578776063,1,TRUE,FALSE,FALSE,FALSE,TRUE,FALSE,TRUE,FALSE
0.081818182,0.333333333,0.448272763,0.712058002,0,FALSE,FALSE,TRUE,TRUE,FALSE,FALSE,FALSE,TRUE
0.627272727,0.595238095,1,0.497103997,1,TRUE,FALSE,FALSE,FALSE,FALSE,TRUE,FALSE,TRUE
0.477272727,0.166666667,0.694324818,0.087055219,1,TRUE,FALSE,FALSE,TRUE,FALSE,FALSE,TRUE,FALSE
0.213636364,0.333333333,0.942107566,0.872426363,0,FALSE,FALSE,TRUE,TRUE,FALSE,FALSE,FALSE,TRUE
0.540909091,1,1,0.424208499,1,TRUE,FALSE,FALSE,FALSE,TRUE,FALSE,FALSE,TRUE
0.272727273,0.333333333,0.743307384,0.696584415,0,TRUE,FALSE,FALSE,FALSE,TRUE,FALSE,TRUE,FALSE
0.209090909,0.619047619,0.644937586,0.770434685,0,FALSE,FALSE,TRUE,TRUE,FALSE,FALSE,FALSE,TRUE
0.113636364,0.285714286,0.833759117,0.20553972,1,FALSE,FALSE,TRUE,FALSE,FALSE,TRUE,TRUE,FALSE
0.431818182,0.142857143,0.768541252,0.73120726,0,TRUE,FALSE,FALSE,TRUE,FALSE,FALSE,FALSE,TRUE
0.263636364,0.976190476,0.863312114,0.768829584,1,FALSE,FALSE,TRUE,FALSE,FALSE,TRUE,FALSE,TRUE
0.104545455,0.333333333,0.514823934,0.66338685,0,FALSE,FALSE,TRUE,TRUE,FALSE,FALSE,TRUE,FALSE
0.268181818,0.428571429,0.925168686,0.83512578,0,FALSE,FALSE,TRUE,FALSE,FALSE,TRUE,TRUE,FALSE
0.4,0.095238095,0.833031163,0.806692229,0,TRUE,FALSE,FALSE,FALSE,FALSE,TRUE,FALSE,TRUE
0.595454545,0.333333333,0.77037638,0.506722876,1,TRUE,FALSE,FALSE,FALSE,FALSE,TRUE,FALSE,TRUE
0.154545455,0.571428571,0.651882781,0.987061798,0,FALSE,FALSE,TRUE,FALSE,FALSE,TRUE,TRUE,FALSE
0.286363636,0.238095238,0.885469936,0.281524039,1,TRUE,FALSE,FALSE,TRUE,FALSE,FALSE,FALSE,TRUE
0.163636364,0.833333333,0.66320584,0.623155409,0,FALSE,FALSE,TRUE,FALSE,FALSE,TRUE,TRUE,FALSE
0.4,0.071428571,0.803840082,0.775678575,0,TRUE,FALSE,FALSE,FALSE,FALSE,TRUE,FALSE,TRUE
0.009090909,0.166666667,0.47479443,0.595816487,0,FALSE,FALSE,TRUE,FALSE,FALSE,TRUE,TRUE,FALSE
0.072727273,0.023809524,0.373554267,0.671383889,0,FALSE,FALSE,TRUE,FALSE,TRUE,FALSE,TRUE,FALSE
0.127272727,0.095238095,0.774638144,0.573285688,0,FALSE,FALSE,TRUE,FALSE,FALSE,TRUE,FALSE,TRUE
0.254545455,0.357142857,0.811496693,0.797951496,0,TRUE,FALSE,FALSE,FALSE,FALSE,TRUE,TRUE,FALSE
0.2,0.928571429,0.653172811,0.848664451,0,TRUE,FALSE,FALSE,FALSE,FALSE,TRUE,TRUE,FALSE
0.031818182,0.5,0.715869658,0.73094127,0,FALSE,FALSE,TRUE,FALSE,FALSE,TRUE,TRUE,FALSE
0.145454545,0.30952381,0.552568808,0.557769084,0,FALSE,FALSE,TRUE,TRUE,FALSE,FALSE,TRUE,FALSE
0.481818182,0,1,0.176995721,1,TRUE,FALSE,FALSE,FALSE,FALSE,TRUE,FALSE,TRUE
0.568181818,1,0.638562104,0.58820903,1,TRUE,FALSE,FALSE,FALSE,TRUE,FALSE,FALSE,TRUE
0.381818182,0.880952381,0.984477176,0.824949264,0,TRUE,FALSE,FALSE,FALSE,FALSE,TRUE,TRUE,FALSE
0.477272727,0.476190476,1,0.396039486,1,TRUE,FALSE,FALSE,FALSE,FALSE,TRUE,FALSE,TRUE
0.136363636,0.761904762,0.993286321,0.819726288,0,FALSE,FALSE,TRUE,FALSE,FALSE,TRUE,TRUE,FALSE
0.290909091,0.952380952,0.824408909,0.618538139,0,TRUE,FALSE,FALSE,TRUE,FALSE,FALSE,TRUE,FALSE
0.613636364,0.261904762,1,0.294682545,1,TRUE,FALSE,FALSE,FALSE,FALSE,TRUE,TRUE,FALSE
0.281818182,0.023809524,0.709483318,0.364035033,1,TRUE,FALSE,FALSE,FALSE,FALSE,TRUE,TRUE,FALSE
0.645454545,0.333333333,0.895290446,0.276920358,1,FALSE,TRUE,FALSE,FALSE,FALSE,TRUE,FALSE,TRUE
0.177272727,0.071428571,0.50399774,0.864054406,0,FALSE,FALSE,TRUE,TRUE,FALSE,FALSE,FALSE,TRUE
0.163636364,0.904761905,0.525796228,0.721904325,0,FALSE,FALSE,TRUE,TRUE,FALSE,FALSE,TRUE,FALSE
0.636363636,0.30952381,0.984282416,0.19186636,1,TRUE,FALSE,FALSE,FALSE,FALSE,TRUE,FALSE,TRUE
0.25,0.523809524,0.638531409,0.746132625,0,FALSE,FALSE,TRUE,TRUE,FALSE,FALSE,TRUE,FALSE
0.486363636,0.595238095,1,0.595213039,0,TRUE,FALSE,FALSE,FALSE,FALSE,TRUE,TRUE,FALSE
0.186363636,0.666666667,0.660412271,0.879988086,0,FALSE,FALSE,TRUE,TRUE,FALSE,FALSE,TRUE,FALSE
0.040909091,0.666666667,0.83906261,0.661193431,0,FALSE,FALSE,TRUE,FALSE,FALSE,TRUE,FALSE,TRUE
0.095454545,0.166666667,0.615413649,0.771049399,0,FALSE,FALSE,TRUE,FALSE,FALSE,TRUE,FALSE,TRUE
0.472727273,0.738095238,1,0.589856645,1,TRUE,FALSE,FALSE,FALSE,FALSE,TRUE,TRUE,FALSE
0.086363636,0.380952381,0.486752899,0.628548245,0,FALSE,FALSE,TRUE,FALSE,FALSE,TRUE,FALSE,TRUE
0.304545455,0.142857143,1,0.474604942,0,TRUE,FALSE,FALSE,TRUE,FALSE,FALSE,FALSE,TRUE
0.209090909,0.214285714,0.896247943,0.604452805,1,FALSE,FALSE,TRUE,FALSE,FALSE,TRUE,TRUE,FALSE
0.486363636,0.833333333,1,1,0,TRUE,FALSE,FALSE,FALSE,FALSE,TRUE,TRUE,FALSE
0.231818182,0.476190476,0.796064147,0.623098325,0,TRUE,FALSE,FALSE,FALSE,TRUE,FALSE,TRUE,FALSE
0.318181818,0.738095238,0.890242028,0.216047127,1,FALSE,TRUE,FALSE,TRUE,FALSE,FALSE,TRUE,FALSE
0.581818182,0.30952381,1,0.345882917,1,TRUE,FALSE,FALSE,FALSE,FALSE,TRUE,TRUE,FALSE
0.259090909,0.476190476,0.7882537,0.785322494,0,FALSE,FALSE,TRUE,FALSE,FALSE,TRUE,FALSE,TRUE
0.177272727,0.166666667,0.969339763,0.65007574,0,FALSE,FALSE,TRUE,FALSE,FALSE,TRUE,TRUE,FALSE
0.186363636,0.285714286,0.919720649,0.47613434,1,TRUE,FALSE,FALSE,TRUE,FALSE,FALSE,TRUE,FALSE
0.527272727,0.547619048,1,0.524129188,1,TRUE,FALSE,FALSE,TRUE,FALSE,FALSE,TRUE,FALSE
0.131818182,0.523809524,0.973206732,0.834147669,0,FALSE,FALSE,TRUE,FALSE,FALSE,TRUE,FALSE,TRUE
0.181818182,0.357142857,0.71282042,0.826280547,0,TRUE,FALSE,FALSE,FALSE,FALSE,TRUE,TRUE,FALSE
0.581818182,0.785714286,1,0.444067518,1,TRUE,FALSE,FALSE,FALSE,TRUE,FALSE,FALSE,TRUE
0.054545455,0.952380952,0.914456617,0.760385064,0,FALSE,FALSE,TRUE,FALSE,FALSE,TRUE,TRUE,FALSE
0.254545455,0.30952381,0.561275101,0.611711477,0,FALSE,FALSE,TRUE,FALSE,TRUE,FALSE,TRUE,FALSE
0.440909091,0.428571429,1,0.700045477,0,TRUE,FALSE,FALSE,FALSE,FALSE,TRUE,FALSE,TRUE
0.090909091,0.857142857,0.656053261,0.302930423,1,FALSE,FALSE,TRUE,TRUE,FALSE,FALSE,TRUE,FALSE
0.6,0.142857143,1,0.254610957,1,TRUE,FALSE,FALSE,FALSE,FALSE,TRUE,TRUE,FALSE
0.131818182,0.547619048,0.883713188,0.681101785,0,FALSE,FALSE,TRUE,TRUE,FALSE,FALSE,TRUE,FALSE
0.672727273,0.5,1,0.913319683,0,TRUE,FALSE,FALSE,FALSE,FALSE,TRUE,TRUE,FALSE
0.463636364,0.761904762,1,0.485392045,1,TRUE,FALSE,FALSE,FALSE,FALSE,TRUE,TRUE,FALSE
0.286363636,0.761904762,0.927896306,0.632073061,0,FALSE,TRUE,FALSE,FALSE,TRUE,FALSE,FALSE,TRUE
0.677272727,0.904761905,0.961951351,0.179066949,1,FALSE,TRUE,FALSE,TRUE,FALSE,FALSE,FALSE,TRUE
0.713636364,0.69047619,0.735706153,0.404802213,1,TRUE,FALSE,FALSE,FALSE,FALSE,TRUE,TRUE,FALSE
0.581818182,0.595238095,1,0.683412395,0,FALSE,TRUE,FALSE,FALSE,FALSE,TRUE,FALSE,TRUE
0.195454545,0.119047619,0.734510038,0.200120267,1,TRUE,FALSE,FALSE,FALSE,FALSE,TRUE,TRUE,FALSE
0.959090909,0.476190476,1,0.218820228,1,FALSE,TRUE,FALSE,FALSE,FALSE,TRUE,TRUE,FALSE
0.25,0.214285714,1,0.71610955,0,TRUE,FALSE,FALSE,FALSE,TRUE,FALSE,TRUE,FALSE
0.55,1,0.99528775,0.608621701,0,TRUE,FALSE,FALSE,FALSE,FALSE,TRUE,TRUE,FALSE
0.322727273,0.333333333,0.864223376,0.814492402,0,TRUE,FALSE,FALSE,FALSE,FALSE,TRUE,TRUE,FALSE
0.531818182,0.30952381,1,0.66209106,0,FALSE,TRUE,FALSE,FALSE,FALSE,TRUE,FALSE,TRUE
0.231818182,0.571428571,0.673946474,0.648718445,0,TRUE,FALSE,FALSE,FALSE,FALSE,TRUE,FALSE,TRUE
0.272727273,0.380952381,1,0.464481518,0,FALSE,FALSE,TRUE,TRUE,FALSE,FALSE,TRUE,FALSE
0.204545455,0.785714286,0.565890412,0.742752007,0,FALSE,FALSE,TRUE,TRUE,FALSE,FALSE,TRUE,FALSE
0.713636364,0.023809524,1,0.570871015,1,FALSE,TRUE,FALSE,FALSE,TRUE,FALSE,TRUE,FALSE
0.268181818,0.928571429,0.449201719,0.745433331,0,FALSE,FALSE,TRUE,FALSE,FALSE,TRUE,TRUE,FALSE
0.231818182,0.071428571,0.859038873,0.718455812,0,FALSE,FALSE,TRUE,TRUE,FALSE,FALSE,TRUE,FALSE
0.181818182,0.619047619,0.839265652,0.94850552,0,FALSE,FALSE,TRUE,FALSE,TRUE,FALSE,FALSE,TRUE
0.195454545,0.047619048,0.61214682,0.749325328,0,FALSE,FALSE,TRUE,FALSE,FALSE,TRUE,TRUE,FALSE
0.018181818,1,0.704822322,0.570215253,0,FALSE,FALSE,TRUE,FALSE,TRUE,FALSE,FALSE,TRUE
0.563636364,0.833333333,0.785191284,0.468726053,1,TRUE,FALSE,FALSE,TRUE,FALSE,FALSE,FALSE,TRUE
0.05,0.452380952,0.428507422,0.602107122,1,FALSE,FALSE,TRUE,TRUE,FALSE,FALSE,TRUE,FALSE
0.122727273,0.880952381,0.575353549,0.802949883,0,FALSE,FALSE,TRUE,FALSE,FALSE,TRUE,FALSE,TRUE
0.218181818,0.428571429,0.886226676,0.75072632,0,TRUE,FALSE,FALSE,TRUE,FALSE,FALSE,TRUE,FALSE
0.236363636,0.476190476,0.654163934,0.795443243,0,TRUE,FALSE,FALSE,FALSE,TRUE,FALSE,TRUE,FALSE
0.086363636,0.071428571,0.756517253,0.705854213,0,FALSE,FALSE,TRUE,FALSE,FALSE,TRUE,FALSE,TRUE
0.204545455,0.880952381,0.734359233,0.505590447,0,TRUE,FALSE,FALSE,FALSE,TRUE,FALSE,TRUE,FALSE
0.15,0.476190476,0.769711362,0.880252435,0,FALSE,FALSE,TRUE,FALSE,FALSE,TRUE,TRUE,FALSE
0.327272727,0.595238095,0.786442324,0.634698727,0,TRUE,FALSE,FALSE,FALSE,FALSE,TRUE,TRUE,FALSE
0.277272727,0.523809524,0.902632929,0.797805177,0,TRUE,FALSE,FALSE,TRUE,FALSE,FALSE,TRUE,FALSE
0.477272727,0.357142857,1,0.198851827,1,TRUE,FALSE,FALSE,FALSE,FALSE,TRUE,TRUE,FALSE
0.963636364,0.047619048,1,0.341343315,1,FALSE,TRUE,FALSE,FALSE,FALSE,TRUE,TRUE,FALSE
0.05,0.30952381,0.751886338,0.843320012,0,FALSE,FALSE,TRUE,FALSE,FALSE,TRUE,TRUE,FALSE
0.25,0.619047619,0.712348016,0.584874188,0,FALSE,FALSE,TRUE,FALSE,FALSE,TRUE,TRUE,FALSE
0.559090909,0.30952381,0.911515627,0.363206534,1,TRUE,FALSE,FALSE,FALSE,FALSE,TRUE,FALSE,TRUE
0.863636364,0.428571429,1,0.684155571,0,FALSE,TRUE,FALSE,FALSE,FALSE,TRUE,TRUE,FALSE
0.35,0.30952381,0.846522304,0.336741376,1,TRUE,FALSE,FALSE,FALSE,TRUE,FALSE,TRUE,FALSE
0.518181818,0.571428571,1,0.219964701,1,TRUE,FALSE,FALSE,TRUE,FALSE,FALSE,TRUE,FALSE
0.004545455,0.642857143,0.835432114,0.776806354,0,FALSE,FALSE,TRUE,FALSE,FALSE,TRUE,TRUE,FALSE
0.690909091,0.666666667,0.770448059,0.288224778,1,TRUE,FALSE,FALSE,FALSE,FALSE,TRUE,TRUE,FALSE
0.213636364,0.476190476,0.630213202,0.779796123,0,FALSE,FALSE,TRUE,TRUE,FALSE,FALSE,FALSE,TRUE
0.545454545,0.071428571,0.778926035,0.3557609,1,TRUE,FALSE,FALSE,FALSE,TRUE,FALSE,FALSE,TRUE
0.272727273,0.5,1,0.842765936,0,TRUE,FALSE,FALSE,FALSE,FALSE,TRUE,TRUE,FALSE
0.277272727,0.642857143,0.791164566,0.531252766,0,TRUE,FALSE,FALSE,TRUE,FALSE,FALSE,TRUE,FALSE
0.963636364,0.880952381,1,0.292828369,1,FALSE,TRUE,FALSE,FALSE,FALSE,TRUE,TRUE,FALSE
0.690909091,0.976190476,0.956542641,0.773693523,1,FALSE,TRUE,FALSE,FALSE,FALSE,TRUE,FALSE,TRUE
0.640909091,0.285714286,0.942630768,0.846930684,0,TRUE,FALSE,FALSE,FALSE,FALSE,TRUE,FALSE,TRUE
0.422727273,0.976190476,0.771148461,0.725708557,0,TRUE,FALSE,FALSE,FALSE,FALSE,TRUE,FALSE,TRUE
0.181818182,0.904761905,0.723630703,0.394798492,1,FALSE,FALSE,TRUE,FALSE,FALSE,TRUE,FALSE,TRUE
0.668181818,0,1,0.43594764,1,TRUE,FALSE,FALSE,FALSE,TRUE,FALSE,TRUE,FALSE
0.113636364,0.761904762,0.652964316,0.768349126,0,FALSE,FALSE,TRUE,FALSE,FALSE,TRUE,FALSE,TRUE
0.259090909,0.452380952,0.67184857,0,1,TRUE,FALSE,FALSE,FALSE,FALSE,TRUE,TRUE,FALSE
0.559090909,0.642857143,0.689472254,0.637976317,0,TRUE,FALSE,FALSE,FALSE,FALSE,TRUE,TRUE,FALSE
0.040909091,0.666666667,0.680247077,0.752356203,0,FALSE,FALSE,TRUE,FALSE,FALSE,TRUE,FALSE,TRUE
0.009090909,0.904761905,0.690211426,0.656901974,0,FALSE,FALSE,TRUE,FALSE,TRUE,FALSE,TRUE,FALSE
0.663636364,0.261904762,0.943973141,0.391247858,1,TRUE,FALSE,FALSE,FALSE,FALSE,TRUE,FALSE,TRUE
0.281818182,0.714285714,0.800496816,0.669038997,0,TRUE,FALSE,FALSE,TRUE,FALSE,FALSE,FALSE,TRUE
0.168181818,0.19047619,1,0.718744186,0,FALSE,FALSE,TRUE,FALSE,FALSE,TRUE,FALSE,TRUE
0.1,0.333333333,0.408759914,0.896405724,0,FALSE,FALSE,TRUE,FALSE,TRUE,FALSE,FALSE,TRUE
0.172727273,0.761904762,0.848536591,0.621295665,0,FALSE,FALSE,TRUE,TRUE,FALSE,FALSE,TRUE,FALSE
0.309090909,0.452380952,1,0.687716515,0,TRUE,FALSE,FALSE,TRUE,FALSE,FALSE,FALSE,TRUE
0.15,0.095238095,1,1,0,FALSE,FALSE,TRUE,FALSE,FALSE,TRUE,TRUE,FALSE
0.722727273,0.095238095,0.877419151,0.762209482,0,TRUE,FALSE,FALSE,FALSE,FALSE,TRUE,TRUE,FALSE
0.590909091,1,0.684338251,0.312877225,1,TRUE,FALSE,FALSE,FALSE,FALSE,TRUE,TRUE,FALSE
0.727272727,0.976190476,1,0.372515346,1,FALSE,TRUE,FALSE,FALSE,FALSE,TRUE,TRUE,FALSE
0.613636364,0.380952381,0.803563124,0.400015042,1,TRUE,FALSE,FALSE,FALSE,FALSE,TRUE,FALSE,TRUE
0.263636364,0.5,1,0.691570707,0,FALSE,FALSE,TRUE,TRUE,FALSE,FALSE,FALSE,TRUE
0.195454545,0.476190476,0.812395582,0.907525926,0,FALSE,FALSE,TRUE,FALSE,FALSE,TRUE,TRUE,FALSE
0.681818182,0.80952381,1,0.668239999,0,TRUE,FALSE,FALSE,TRUE,FALSE,FALSE,FALSE,TRUE
0.104545455,0.5,0.654114966,0.590520989,0,FALSE,FALSE,TRUE,FALSE,FALSE,TRUE,FALSE,TRUE
0.263636364,0.833333333,1,0.648333624,1,TRUE,FALSE,FALSE,FALSE,FALSE,TRUE,TRUE,FALSE
0.227272727,0.476190476,0.828237637,0.700650305,0,TRUE,FALSE,FALSE,FALSE,FALSE,TRUE,TRUE,FALSE
0.7,0.119047619,1,0.443341507,1,TRUE,FALSE,FALSE,FALSE,FALSE,TRUE,FALSE,TRUE
0.045454545,0.833333333,0.595759274,0.921804762,0,FALSE,FALSE,TRUE,TRUE,FALSE,FALSE,TRUE,FALSE
0.418181818,0.380952381,1,0.707887772,0,TRUE,FALSE,FALSE,FALSE,FALSE,TRUE,FALSE,TRUE
0.036363636,0.80952381,0.515935141,0.235975441,1,FALSE,FALSE,TRUE,TRUE,FALSE,FALSE,TRUE,FALSE
0.390909091,0.095238095,1,0.719823199,0,TRUE,FALSE,FALSE,FALSE,FALSE,TRUE,FALSE,TRUE
0.090909091,0.976190476,0.615324486,0.857799184,0,FALSE,FALSE,TRUE,TRUE,FALSE,FALSE,TRUE,FALSE
0.695454545,0.80952381,1,0.464789949,1,TRUE,FALSE,FALSE,FALSE,TRUE,FALSE,FALSE,TRUE
0.290909091,0,0.866602061,0.76815484,0,TRUE,FALSE,FALSE,FALSE,FALSE,TRUE,TRUE,FALSE
0.15,0.523809524,0.470453338,0.089302279,1,FALSE,FALSE,TRUE,FALSE,FALSE,TRUE,FALSE,TRUE
0.45,0.047619048,0.797214551,0.792020006,0,TRUE,FALSE,FALSE,FALSE,FALSE,TRUE,TRUE,FALSE
0.004545455,0.880952381,0.396177024,0.241523164,1,FALSE,FALSE,TRUE,FALSE,FALSE,TRUE,TRUE,FALSE
0.531818182,0.166666667,1,0.423972466,1,TRUE,FALSE,FALSE,FALSE,FALSE,TRUE,FALSE,TRUE
0.263636364,0.285714286,0.670432235,0.791879641,0,TRUE,FALSE,FALSE,FALSE,FALSE,TRUE,FALSE,TRUE
0.159090909,0.214285714,0.799190398,0.688545477,0,FALSE,FALSE,TRUE,TRUE,FALSE,FALSE,TRUE,FALSE
0.277272727,0.547619048,0.705792885,0.944637318,0,TRUE,FALSE,FALSE,TRUE,FALSE,FALSE,FALSE,TRUE
0.518181818,0.785714286,0.845040645,0.10578525,1,TRUE,FALSE,FALSE,FALSE,TRUE,FALSE,FALSE,TRUE
0.259090909,0.666666667,0.760118425,0.769398835,0,TRUE,FALSE,FALSE,FALSE,FALSE,TRUE,TRUE,FALSE
0.254545455,0.095238095,0.847357643,0.190731111,1,FALSE,FALSE,TRUE,FALSE,FALSE,TRUE,TRUE,FALSE
0.227272727,0.404761905,0.760404348,0.844506665,0,FALSE,FALSE,TRUE,TRUE,FALSE,FALSE,FALSE,TRUE
0.981818182,0.523809524,1,0.537087695,1,FALSE,TRUE,FALSE,FALSE,FALSE,TRUE,TRUE,FALSE
0.236363636,0.476190476,0.689802147,0.30609247,1,TRUE,FALSE,FALSE,FALSE,FALSE,TRUE,FALSE,TRUE
0.086363636,0.19047619,0.645830781,0.767472121,0,FALSE,FALSE,TRUE,FALSE,TRUE,FALSE,FALSE,TRUE
0.363636364,0.642857143,0.925422091,0.645770602,0,TRUE,FALSE,FALSE,FALSE,TRUE,FALSE,TRUE,FALSE
0.054545455,0.142857143,0.762180334,0.787559295,0,FALSE,FALSE,TRUE,FALSE,FALSE,TRUE,FALSE,TRUE
0.431818182,0.238095238,1,0.84448187,0,TRUE,FALSE,FALSE,TRUE,FALSE,FALSE,TRUE,FALSE
0.340909091,0.166666667,1,0.578911932,0,TRUE,FALSE,FALSE,FALSE,FALSE,TRUE,FALSE,TRUE
0.272727273,0,0.72978005,0.729650887,0,TRUE,FALSE,FALSE,TRUE,FALSE,FALSE,TRUE,FALSE
0.236363636,0.214285714,0.764995015,0.625706328,0,TRUE,FALSE,FALSE,TRUE,FALSE,FALSE,TRUE,FALSE
0.422727273,0.380952381,1,0.795923586,0,TRUE,FALSE,FALSE,FALSE,FALSE,TRUE,TRUE,FALSE
0.718181818,0,1,0.943446262,0,TRUE,FALSE,FALSE,FALSE,FALSE,TRUE,TRUE,FALSE
0.877272727,0.976190476,0.946402521,0.150953028,1,FALSE,TRUE,FALSE,FALSE,FALSE,TRUE,FALSE,TRUE
0.068181818,0.261904762,0.741333147,0.756360963,0,FALSE,FALSE,TRUE,FALSE,FALSE,TRUE,TRUE,FALSE
0.145454545,0.238095238,0.591488468,0.666720159,0,FALSE,FALSE,TRUE,FALSE,FALSE,TRUE,TRUE,FALSE
0.309090909,0.666666667,1,0.736555109,0,TRUE,FALSE,FALSE,FALSE,TRUE,FALSE,FALSE,TRUE
0.218181818,0.595238095,1,0.804122085,0,TRUE,FALSE,FALSE,FALSE,FALSE,TRUE,TRUE,FALSE
0.072727273,0.5,0.649340633,0.710285613,0,FALSE,FALSE,TRUE,TRUE,FALSE,FALSE,FALSE,TRUE
0.054545455,0.428571429,0.477827795,0.947263351,0,FALSE,FALSE,TRUE,TRUE,FALSE,FALSE,FALSE,TRUE
0.240909091,0.880952381,0.865261375,0.827490792,0,FALSE,FALSE,TRUE,FALSE,FALSE,TRUE,TRUE,FALSE
0.413636364,0.095238095,0.884870807,0.682016017,0,TRUE,FALSE,FALSE,FALSE,FALSE,TRUE,TRUE,FALSE
0.272727273,0.738095238,0.939564479,0.773081597,0,TRUE,FALSE,FALSE,TRUE,FALSE,FALSE,FALSE,TRUE
0.131818182,0.285714286,0.737418606,0.890404916,0,FALSE,FALSE,TRUE,TRUE,FALSE,FALSE,FALSE,TRUE
0.045454545,0.380952381,0.624882226,0.823569159,0,FALSE,FALSE,TRUE,TRUE,FALSE,FALSE,TRUE,FALSE
0.486363636,0.80952381,0.947929014,0.484116368,1,FALSE,TRUE,FALSE,FALSE,FALSE,TRUE,TRUE,FALSE
0.572727273,0.404761905,1,0.382241334,1,TRUE,FALSE,FALSE,FALSE,FALSE,TRUE,FALSE,TRUE
0.663636364,0.785714286,1,0.319388394,1,TRUE,FALSE,FALSE,TRUE,FALSE,FALSE,FALSE,TRUE
0.190909091,0.69047619,0.820627291,0.599608425,0,FALSE,FALSE,TRUE,FALSE,FALSE,TRUE,FALSE,TRUE
0.040909091,0.19047619,0.854051094,0.48541703,0,FALSE,FALSE,TRUE,FALSE,FALSE,TRUE,FALSE,TRUE
0.177272727,0.976190476,0.690242624,0.783234779,0,FALSE,FALSE,TRUE,FALSE,FALSE,TRUE,TRUE,FALSE
0.236363636,0.047619048,1,0.118903957,1,TRUE,FALSE,FALSE,FALSE,FALSE,TRUE,TRUE,FALSE
0.604545455,0.452380952,1,0.823466457,0,TRUE,FALSE,FALSE,TRUE,FALSE,FALSE,FALSE,TRUE
0.418181818,0.666666667,0.693044912,0.841345515,0,TRUE,FALSE,FALSE,TRUE,FALSE,FALSE,TRUE,FALSE
0.445454545,0.523809524,0.848768645,0.49510573,1,TRUE,FALSE,FALSE,FALSE,TRUE,FALSE,TRUE,FALSE
0.945454545,0.238095238,1,0.54262939,1,FALSE,TRUE,FALSE,TRUE,FALSE,FALSE,TRUE,FALSE
0.359090909,0.142857143,0.988349224,0.817372247,0,TRUE,FALSE,FALSE,FALSE,TRUE,FALSE,TRUE,FALSE
0.181818182,0.666666667,0.699732639,0.760794414,0,FALSE,FALSE,TRUE,TRUE,FALSE,FALSE,TRUE,FALSE
0.163636364,0.333333333,0.650732352,0.901672675,0,FALSE,FALSE,TRUE,FALSE,FALSE,TRUE,FALSE,TRUE
0.25,0.523809524,0.783240675,0.833270758,0,FALSE,FALSE,TRUE,TRUE,FALSE,FALSE,FALSE,TRUE
0.436363636,0.119047619,0.786985154,0.622100561,0,TRUE,FALSE,FALSE,TRUE,FALSE,FALSE,FALSE,TRUE
0.486363636,0.5,1,0.606400746,0,TRUE,FALSE,FALSE,FALSE,FALSE,TRUE,FALSE,TRUE
0.222727273,0.523809524,0.697632514,0.841777277,0,FALSE,FALSE,TRUE,FALSE,TRUE,FALSE,TRUE,FALSE
0.25,0.833333333,1,0.534987181,0,TRUE,FALSE,FALSE,FALSE,FALSE,TRUE,FALSE,TRUE
0.040909091,0.714285714,0.720820016,0.068886492,1,FALSE,FALSE,TRUE,FALSE,FALSE,TRUE,TRUE,FALSE
0.254545455,0.5,0.999090833,0.625242422,0,TRUE,FALSE,FALSE,TRUE,FALSE,FALSE,FALSE,TRUE
0.109090909,0,0.726493793,0.453507293,1,FALSE,FALSE,TRUE,FALSE,FALSE,TRUE,FALSE,TRUE
0.495454545,0.904761905,1,0.865520228,0,TRUE,FALSE,FALSE,FALSE,FALSE,TRUE,FALSE,TRUE
0.036363636,0.952380952,0.771912715,0.847367063,0,FALSE,FALSE,TRUE,FALSE,FALSE,TRUE,FALSE,TRUE
0.009090909,0,0.253863854,0.768011631,0,FALSE,FALSE,TRUE,TRUE,FALSE,FALSE,FALSE,TRUE
0.622727273,1,1,0.806849396,0,FALSE,TRUE,FALSE,FALSE,FALSE,TRUE,TRUE,FALSE
0.727272727,0.428571429,0.666753385,0.611204418,1,TRUE,FALSE,FALSE,TRUE,FALSE,FALSE,TRUE,FALSE
0.686363636,0.928571429,0.675664989,0.887144089,0,TRUE,FALSE,FALSE,FALSE,FALSE,TRUE,FALSE,TRUE
0.486363636,0.452380952,0.68189873,0.552610822,1,TRUE,FALSE,FALSE,FALSE,TRUE,FALSE,FALSE,TRUE
0.059090909,0.166666667,0.919590197,0.782656316,0,FALSE,FALSE,TRUE,TRUE,FALSE,FALSE,FALSE,TRUE
0.831818182,0.357142857,1,0.33301769,1,FALSE,TRUE,FALSE,FALSE,FALSE,TRUE,TRUE,FALSE
0.2,0.119047619,0.665088915,0.731055568,0,TRUE,FALSE,FALSE,FALSE,FALSE,TRUE,FALSE,TRUE
0.095454545,0.952380952,0.700217819,0.681464088,0,FALSE,FALSE,TRUE,FALSE,FALSE,TRUE,FALSE,TRUE
0.331818182,0.142857143,0.940340188,0.916956987,0,FALSE,TRUE,FALSE,TRUE,FALSE,FALSE,FALSE,TRUE
0.527272727,0.214285714,1,0.36759126,1,FALSE,TRUE,FALSE,FALSE,FALSE,TRUE,FALSE,TRUE
0.363636364,0.642857143,0.762517472,0.962690134,0,TRUE,FALSE,FALSE,TRUE,FALSE,FALSE,TRUE,FALSE
0.622727273,0.047619048,0.856174533,0.19930746,1,TRUE,FALSE,FALSE,FALSE,FALSE,TRUE,TRUE,FALSE
0.172727273,1,1,0.265120437,1,FALSE,FALSE,TRUE,FALSE,TRUE,FALSE,FALSE,TRUE
0.418181818,0.023809524,1,0.552393255,1,TRUE,FALSE,FALSE,FALSE,FALSE,TRUE,TRUE,FALSE
0.268181818,0.833333333,1,0.203926628,1,FALSE,FALSE,TRUE,FALSE,FALSE,TRUE,FALSE,TRUE
0.722727273,0.476190476,1,0.501826675,1,TRUE,FALSE,FALSE,FALSE,TRUE,FALSE,FALSE,TRUE
0.218181818,0.071428571,0.927633444,0.932388395,0,FALSE,FALSE,TRUE,FALSE,FALSE,TRUE,FALSE,TRUE
0.040909091,0.880952381,0.546231563,0.350337615,1,FALSE,FALSE,TRUE,FALSE,FALSE,TRUE,FALSE,TRUE
0.063636364,0.642857143,0.216512087,0.822806016,0,FALSE,FALSE,TRUE,FALSE,TRUE,FALSE,FALSE,TRUE
0.454545455,1,0.836979415,0.782935902,0,FALSE,TRUE,FALSE,FALSE,FALSE,TRUE,FALSE,TRUE
0.390909091,0.738095238,0.877027756,0.332623885,1,TRUE,FALSE,FALSE,FALSE,TRUE,FALSE,TRUE,FALSE
0.518181818,0.785714286,1,0.635268077,1,TRUE,FALSE,FALSE,FALSE,FALSE,TRUE,TRUE,FALSE
0.168181818,0.214285714,0.447691988,0.743148921,0,FALSE,FALSE,TRUE,FALSE,FALSE,TRUE,TRUE,FALSE
0.245454545,0.880952381,0.676424932,0.754742229,0,FALSE,FALSE,TRUE,FALSE,FALSE,TRUE,FALSE,TRUE
0.581818182,0.119047619,1,0.306954951,1,TRUE,FALSE,FALSE,FALSE,TRUE,FALSE,FALSE,TRUE
0.654545455,0.404761905,1,0.333511527,1,FALSE,TRUE,FALSE,FALSE,TRUE,FALSE,TRUE,FALSE
0.222727273,0.928571429,0.701327501,0.857448486,0,FALSE,FALSE,TRUE,FALSE,TRUE,FALSE,TRUE,FALSE
0.209090909,0.071428571,0.928804639,0.372106244,1,TRUE,FALSE,FALSE,FALSE,FALSE,TRUE,TRUE,FALSE
0.695454545,0.30952381,1,0.389924231,1,TRUE,FALSE,FALSE,TRUE,FALSE,FALSE,TRUE,FALSE
0.481818182,0.047619048,0.882021033,0.267858571,1,FALSE,TRUE,FALSE,TRUE,FALSE,FALSE,FALSE,TRUE
0.290909091,0.976190476,1,0.69164961,0,TRUE,FALSE,FALSE,FALSE,FALSE,TRUE,FALSE,TRUE
0.140909091,0.738095238,0.50992236,0.931128779,0,FALSE,FALSE,TRUE,FALSE,FALSE,TRUE,FALSE,TRUE
0.218181818,0.476190476,0.71192789,0.55579574,1,TRUE,FALSE,FALSE,FALSE,FALSE,TRUE,FALSE,TRUE
0.522727273,0.523809524,0.89435473,0.948863113,0,TRUE,FALSE,FALSE,TRUE,FALSE,FALSE,FALSE,TRUE
0.054545455,0.857142857,0.666114184,0.44881571,0,FALSE,FALSE,TRUE,FALSE,FALSE,TRUE,FALSE,TRUE
0.636363636,0.476190476,0.806999459,0.756866764,0,TRUE,FALSE,FALSE,TRUE,FALSE,FALSE,TRUE,FALSE
0.368181818,1,0.932369144,0.639820799,0,TRUE,FALSE,FALSE,FALSE,FALSE,TRUE,TRUE,FALSE
0.045454545,0.976190476,0.674434806,0.675884183,0,FALSE,FALSE,TRUE,FALSE,FALSE,TRUE,TRUE,FALSE
0.504545455,0.642857143,1,0.687105471,0,TRUE,FALSE,FALSE,FALSE,FALSE,TRUE,TRUE,FALSE
0.186363636,0.928571429,0.316244146,0.375590714,1,FALSE,FALSE,TRUE,TRUE,FALSE,FALSE,FALSE,TRUE
0.218181818,0.285714286,0.777173906,0.840551309,0,FALSE,FALSE,TRUE,TRUE,FALSE,FALSE,TRUE,FALSE
0.386363636,0.285714286,0.894191649,0.568926073,0,FALSE,TRUE,FALSE,TRUE,FALSE,FALSE,FALSE,TRUE
0.290909091,0.380952381,0.999043451,0.722081182,0,TRUE,FALSE,FALSE,FALSE,FALSE,TRUE,FALSE,TRUE
0.422727273,0.357142857,1,0.766502615,0,TRUE,FALSE,FALSE,TRUE,FALSE,FALSE,FALSE,TRUE
0.059090909,0.952380952,0.64419202,0.901915197,0,FALSE,FALSE,TRUE,FALSE,TRUE,FALSE,FALSE,TRUE
0.65,0.69047619,0.875516875,0.257216802,1,TRUE,FALSE,FALSE,FALSE,FALSE,TRUE,FALSE,TRUE
0.536363636,0.928571429,0.863827448,0.411974646,1,TRUE,FALSE,FALSE,FALSE,FALSE,TRUE,TRUE,FALSE
0.468181818,0.333333333,0.801109072,0.358617828,1,TRUE,FALSE,FALSE,FALSE,TRUE,FALSE,TRUE,FALSE
0.268181818,0.071428571,1,0.871000809,0,FALSE,FALSE,TRUE,TRUE,FALSE,FALSE,FALSE,TRUE
0.318181818,0.19047619,0.896993448,0.939126158,0,TRUE,FALSE,FALSE,FALSE,FALSE,TRUE,TRUE,FALSE
0.381818182,0.857142857,1,0.84665679,0,TRUE,FALSE,FALSE,TRUE,FALSE,FALSE,TRUE,FALSE
0.5,0.666666667,0.748897895,0.093282996,1,TRUE,FALSE,FALSE,FALSE,FALSE,TRUE,FALSE,TRUE
0.272727273,0.714285714,0.858361228,0.867663823,0,TRUE,FALSE,FALSE,FALSE,FALSE,TRUE,FALSE,TRUE
0.054545455,0.976190476,0.944642843,0.529927676,0,FALSE,FALSE,TRUE,FALSE,FALSE,TRUE,FALSE,TRUE
0.604545455,0.023809524,0.767334445,0.753880612,0,TRUE,FALSE,FALSE,TRUE,FALSE,FALSE,TRUE,FALSE
0.586363636,0.261904762,0.98320757,0.470091425,1,TRUE,FALSE,FALSE,TRUE,FALSE,FALSE,FALSE,TRUE
0.481818182,0.047619048,0.734270944,0.218362778,1,TRUE,FALSE,FALSE,TRUE,FALSE,FALSE,TRUE,FALSE
0.631818182,0.285714286,0.99511127,0.913539479,0,TRUE,FALSE,FALSE,TRUE,FALSE,FALSE,FALSE,TRUE
1,0.857142857,1,0.101159515,1,FALSE,TRUE,FALSE,TRUE,FALSE,FALSE,TRUE,FALSE
0.431818182,0.119047619,1,0.762974648,0,TRUE,FALSE,FALSE,TRUE,FALSE,FALSE,FALSE,TRUE
0.213636364,0.404761905,0.668723658,0.765670664,0,TRUE,FALSE,FALSE,TRUE,FALSE,FALSE,TRUE,FALSE
0.318181818,1,1,0.602962093,0,TRUE,FALSE,FALSE,FALSE,TRUE,FALSE,FALSE,TRUE
0.518181818,0.80952381,1,0.625489187,1,TRUE,FALSE,FALSE,FALSE,FALSE,TRUE,TRUE,FALSE
0.35,0.80952381,0.909428054,0.459727846,1,TRUE,FALSE,FALSE,TRUE,FALSE,FALSE,TRUE,FALSE
0.627272727,1,0.713510258,0.559053688,0,TRUE,FALSE,FALSE,FALSE,FALSE,TRUE,TRUE,FALSE
0.263636364,0.666666667,0.676774983,0.941545966,0,TRUE,FALSE,FALSE,FALSE,FALSE,TRUE,FALSE,TRUE
0.677272727,0.547619048,1,0.611448785,1,TRUE,FALSE,FALSE,TRUE,FALSE,FALSE,FALSE,TRUE
0.690909091,0.071428571,1,0.500188691,1,TRUE,FALSE,FALSE,FALSE,FALSE,TRUE,TRUE,FALSE
0.813636364,0.619047619,1,0.375646743,1,FALSE,TRUE,FALSE,FALSE,TRUE,FALSE,FALSE,TRUE
0.081818182,0.214285714,0.657866487,0.909791184,0,FALSE,FALSE,TRUE,TRUE,FALSE,FALSE,TRUE,FALSE
0.386363636,0.380952381,1,0.524445796,1,TRUE,FALSE,FALSE,FALSE,FALSE,TRUE,FALSE,TRUE
0.009090909,0.69047619,0.887230192,0.78747182,0,FALSE,FALSE,TRUE,FALSE,TRUE,FALSE,TRUE,FALSE
0.195454545,0.238095238,0.641198805,0.73137435,0,FALSE,FALSE,TRUE,FALSE,FALSE,TRUE,TRUE,FALSE
0.190909091,0.357142857,0.890167677,0.64946053,0,FALSE,FALSE,TRUE,FALSE,TRUE,FALSE,TRUE,FALSE
0.559090909,0.80952381,1,0.196247891,1,TRUE,FALSE,FALSE,FALSE,TRUE,FALSE,FALSE,TRUE
0.236363636,0.333333333,0.714624812,0.340618348,1,FALSE,FALSE,TRUE,TRUE,FALSE,FALSE,FALSE,TRUE
0.981818182,0.976190476,1,0.244348789,1,FALSE,TRUE,FALSE,FALSE,TRUE,FALSE,TRUE,FALSE
0.268181818,0.785714286,1,0,1,TRUE,FALSE,FALSE,FALSE,FALSE,TRUE,FALSE,TRUE
0.522727273,0.166666667,1,0.161863365,1,FALSE,TRUE,FALSE,FALSE,FALSE,TRUE,TRUE,FALSE
0.304545455,0.214285714,0.762678855,0.772678328,0,TRUE,FALSE,FALSE,FALSE,FALSE,TRUE,FALSE,TRUE
0.468181818,0.714285714,0.846951278,0.326274246,1,TRUE,FALSE,FALSE,FALSE,TRUE,FALSE,TRUE,FALSE
0.018181818,0.738095238,0.561528034,0.876000243,0,FALSE,FALSE,TRUE,TRUE,FALSE,FALSE,TRUE,FALSE
0.472727273,0.523809524,1,0.278830452,1,TRUE,FALSE,FALSE,FALSE,FALSE,TRUE,FALSE,TRUE
0.236363636,0.19047619,0.843163214,0.752618421,0,TRUE,FALSE,FALSE,FALSE,FALSE,TRUE,TRUE,FALSE
0.245454545,0.333333333,0.60273697,0.687576963,0,FALSE,FALSE,TRUE,FALSE,FALSE,TRUE,FALSE,TRUE
0.35,0.261904762,1,0.704186622,0,TRUE,FALSE,FALSE,TRUE,FALSE,FALSE,TRUE,FALSE
0.581818182,0.071428571,1,0.610318321,1,TRUE,FALSE,FALSE,FALSE,FALSE,TRUE,FALSE,TRUE
0.240909091,0.30952381,0.440581753,0.857973978,0,FALSE,FALSE,TRUE,TRUE,FALSE,FALSE,FALSE,TRUE
0.122727273,0.880952381,0.737148672,0.580280693,1,FALSE,FALSE,TRUE,FALSE,FALSE,TRUE,TRUE,FALSE
0.35,0.738095238,0.674149011,0.777567678,0,TRUE,FALSE,FALSE,FALSE,TRUE,FALSE,FALSE,TRUE
0.445454545,0.047619048,1,0.953543245,0,TRUE,FALSE,FALSE,TRUE,FALSE,FALSE,TRUE,FALSE
0.563636364,0.952380952,0.921886615,0.469310857,1,TRUE,FALSE,FALSE,FALSE,TRUE,FALSE,FALSE,TRUE
